Item_ID__c,Building_Code__c,Internal_External__c,Level__c,Room_or_Area__c,Location_in_Room__c,Item_Name__c,If_Other_Item_Name__c,Friability_of_Material__c,ACM_Classification__c,ACM_Sub_Classification__c,NATA_Endorsed_Sample_no__c,Sample_Analysis_Result_Material_Status__c,Identifying_Hygiene_Consulting_Company__c,Condition__c,Disturbance_Potential_of_Material__c,Quantity__c,Labelled__c,Labelled_Details__c,Photo_Ref__c,Additional_Comments__c,Assumed_Removed__c
BLD-MYRTLE-STREET-CLINIC-ITEM-BLD-MYRTLE-STREET-CLINIC-ITEM-BLD-MYRTLE-STREET-CLINIC-ITEM-BLD-MYRTLE-STREET-CLINIC-ITEM-1.0,Myrtle Street Clinic,External,Ground Level,Throughout,,Eaves,,,,Flat sheeting,J169642-001-001,Negative,Greencap,,,,No,,,Painted white,False
BLD-MYRTLE-STREET-CLINIC-ITEM-BLD-MYRTLE-STREET-CLINIC-ITEM-BLD-MYRTLE-STREET-CLINIC-ITEM-BLD-MYRTLE-STREET-CLINIC-ITEM-2.0,Myrtle Street Clinic,External,Ground Level,Throughout,,Wall(s),,,,Flat sheeting,J169642-001-002,Negative,Greencap,,,,No,,,Textured painted white,False
BLD-MORTUARY-BUILDINGS-ITEM-BLD-MORTUARY-BUILDINGS-ITEM-BLD-MORTUARY-BUILDINGS-ITEM-BLD-MORTUARY-BUILDINGS-ITEM-4.0,Mortuary Buildings,External,Ground Level,,,Window frame,,Non-friable,"Gasket, friction products and adhesives",Mastic,J169642-001-004,Positive,Greencap,Fair,Low,5.0,No,,J169642-001-Photo011,"Maintain in current condition, label and incorporate into an AMP. Remove by licensed asbestos contractor prior to demolition or refurbishment.",False
BLD-MORTUARY-BUILDINGS-ITEM-BLD-MORTUARY-BUILDINGS-ITEM-BLD-MORTUARY-BUILDINGS-ITEM-BLD-MORTUARY-BUILDINGS-ITEM-5.0,Mortuary Buildings,Internal,Ground Level,Boiler Room,,Fire door(s),,Friable,Insulation Products,Fire door core,Not Sampled,Assumed Positive,Greencap,Fair,Low,1.0,No,,J169642-001-Photo010,"Restricted Access. Confirm status, label, maintain in current condition and incorporate into an AMP. Remove by licensed asbestos contractor prior to demolition or refurbishment.",False
BLD-MORTUARY-BUILDINGS-ITEM-BLD-MORTUARY-BUILDINGS-ITEM-BLD-MORTUARY-BUILDINGS-ITEM-BLD-MORTUARY-BUILDINGS-ITEM-6.0,Mortuary Buildings,Internal,Ground Level,Mortuary Room,,Ceiling,,Non-friable,Cement products,Flat sheeting,Not Sampled,Assumed Positive,Greencap,Stable,Low,10.0,No,,J169642-001-Photo008,"Height Restricted. Confirm status, label, maintain in current condition and incorporate into an AMP. Remove by licensed asbestos contractor prior to demolition or refurbishment.",False
BLD-MORTUARY-BUILDINGS-ITEM-BLD-MORTUARY-BUILDINGS-ITEM-BLD-MORTUARY-BUILDINGS-ITEM-BLD-MORTUARY-BUILDINGS-ITEM-7.0,Mortuary Buildings,Internal,Ground Level,Mortuary Room,,Wall(s),,,,Mortar,J169642-001-003,Negative,Greencap,,,,No,,,Rendered Masonry,False
BLD-MORTUARY-BUILDINGS-ITEM-BLD-MORTUARY-BUILDINGS-ITEM-BLD-MORTUARY-BUILDINGS-ITEM-BLD-MORTUARY-BUILDINGS-ITEM-8.0,Mortuary Buildings,Internal,Ground Level,Shower Room,Behind ceramic tile,Shower Cubicle,,Non-friable,Cement products,Flat sheeting,Not Sampled,Assumed Positive,Greencap,Stable,Low,4.0,No,,J169642-001-Photo007,"Restricted Access. Confirm status, label, maintain in current condition and incorporate into an AMP. Remove by licensed asbestos contractor prior to demolition or refurbishment.",False
BLD-MORTUARY-BUILDINGS-ITEM-BLD-MORTUARY-BUILDINGS-ITEM-BLD-MORTUARY-BUILDINGS-ITEM-BLD-MORTUARY-BUILDINGS-ITEM-9.0,Mortuary Buildings,Internal,Ground Level,Shower Room,Beneath shower tray,Shower Cubicle,,Non-friable,Cement products,Flat sheeting,Not Sampled,Assumed Positive,Greencap,Stable,Low,1.0,No,,J169642-001-Photo004,"Restricted Access. Confirm status, label, maintain in current condition and incorporate into an AMP. Remove by licensed asbestos contractor prior to demolition or refurbishment.",False
BLD-MORTUARY-BUILDINGS-ITEM-BLD-MORTUARY-BUILDINGS-ITEM-BLD-MORTUARY-BUILDINGS-ITEM-BLD-MORTUARY-BUILDINGS-ITEM-10.0,Mortuary Buildings,Internal,Ground Level,Shower Room,Above door,Infill panels,,,,Flat sheeting,J134889-01,Negative,Greencap,,,,No,,,,False
BLD-PATHOLOGY-DEPARTMENT-ITEM-BLD-PATHOLOGY-DEPARTMENT-ITEM-BLD-PATHOLOGY-DEPARTMENT-ITEM-BLD-PATHOLOGY-DEPARTMENT-ITEM-12.0,Pathology Department,Internal,Ground Level,Kitchen,Under sink,Lining,,,,Bituminous membrane,J169642-001-019,Negative,Greencap,,,,No,,,,False
BLD-VMO-ACCOMMODATIONS-ITEM-BLD-VMO-ACCOMMODATIONS-ITEM-BLD-VMO-ACCOMMODATIONS-ITEM-BLD-VMO-ACCOMMODATIONS-ITEM-13.0,VMO Accommodations,External,Ground Level,,Beneath window,Wall(s),,,,Flat sheeting,J169642-001-021,Negative,Greencap,,,,No,,,Rendered & painted cream,False
BLD-VMO-ACCOMMODATIONS-ITEM-BLD-VMO-ACCOMMODATIONS-ITEM-BLD-VMO-ACCOMMODATIONS-ITEM-BLD-VMO-ACCOMMODATIONS-ITEM-14.0,VMO Accommodations,External,Ground Level,,On ground,Debris,,Non-friable,Cement products,Debris,J169642-001-020,Assumed Positive,Greencap,Poor,Low,1.0,No,,J169642-001-Photo065,"Loose. Maintain in current condition, label and incorporate into an AMP. Remove by licensed asbestos contractor prior to demolition or refurbishment.",False
BLD-VMO-ACCOMMODATIONS-ITEM-BLD-VMO-ACCOMMODATIONS-ITEM-BLD-VMO-ACCOMMODATIONS-ITEM-BLD-VMO-ACCOMMODATIONS-ITEM-15.0,VMO Accommodations,External,Ground Level,Subfloor,,Debris,,Non-friable,Cement products,Cement product debris,J169642-001-020,Positive,Greencap,Poor,Low,1.0,No,,J169642-001-Photo063,"Loose. Maintain in current condition, label and incorporate into an AMP. Remove by licensed asbestos contractor prior to demolition or refurbishment.",False
BLD-VMO-ACCOMMODATIONS-ITEM-BLD-VMO-ACCOMMODATIONS-ITEM-BLD-VMO-ACCOMMODATIONS-ITEM-BLD-VMO-ACCOMMODATIONS-ITEM-16.0,VMO Accommodations,External,Ground Level,Throughout,,Eaves,,Non-friable,Cement products,Flat sheeting,Not Sampled,Assumed Positive,Greencap,Stable,Low,40.0,No,,J169642-001-Photo062,"Painted white Height Restricted. Confirm status, label, maintain in current condition and incorporate into an AMP. Remove by licensed asbestos contractor prior to demolition or refurbishment.",False
BLD-MAIN-HOSPITAL-BUILDING-ITEM-BLD-MAIN-HOSPITAL-BUILDING-ITEM-BLD-MAIN-HOSPITAL-BUILDING-ITEM-BLD-MAIN-HOSPITAL-BUILDING-ITEM-18.0,Main Hospital Building,External,Ground Level,Adjacent Workshop,,Gable lining,,Non-friable,Cement products,Flat sheeting,J169642-001-018,Positive,Greencap,Fair,Low,1.0,No,,J169642-001-Photo054,"Painted white. Maintain in current condition, label and incorporate into an AMP. Remove by licensed asbestos contractor prior to demolition or refurbishment.",False
BLD-MAIN-HOSPITAL-BUILDING-ITEM-BLD-MAIN-HOSPITAL-BUILDING-ITEM-BLD-MAIN-HOSPITAL-BUILDING-ITEM-BLD-MAIN-HOSPITAL-BUILDING-ITEM-19.0,Main Hospital Building,External,Ground Level,Roof,On Roof,Ductwork,,Non-friable,"Gasket, friction products and adhesives",Mastic,Not Sampled,Assumed Positive,Greencap,Unknown,Low,15.0,No,,J169642-001-Photo057,"Height Restricted. Confirm status, label, maintain in current condition and incorporate into an AMP. Remove by licensed asbestos contractor prior to demolition or refurbishment.",False
BLD-MAIN-HOSPITAL-BUILDING-ITEM-BLD-MAIN-HOSPITAL-BUILDING-ITEM-BLD-MAIN-HOSPITAL-BUILDING-ITEM-BLD-MAIN-HOSPITAL-BUILDING-ITEM-20.0,Main Hospital Building,External,Ground Level,Porch,,Porch ceiling,,Non-friable,Cement products,Flat sheeting,35766/11,Positive,Greencap,Stable,Low,100.0,No,,"J169642-001-Photo059, J169642-001-Photo060","Painted white. Maintain in current condition, label and incorporate into an AMP. Remove by licensed asbestos contractor prior to demolition or refurbishment.",False
BLD-MAIN-HOSPITAL-BUILDING-ITEM-BLD-MAIN-HOSPITAL-BUILDING-ITEM-BLD-MAIN-HOSPITAL-BUILDING-ITEM-BLD-MAIN-HOSPITAL-BUILDING-ITEM-21.0,Main Hospital Building,External,Ground Level,,South,Window frame,,,,Mastic,J169642-001-016,Negative,Greencap,,,,No,,,,False
BLD-MAIN-HOSPITAL-BUILDING-ITEM-BLD-MAIN-HOSPITAL-BUILDING-ITEM-BLD-MAIN-HOSPITAL-BUILDING-ITEM-BLD-MAIN-HOSPITAL-BUILDING-ITEM-22.0,Main Hospital Building,External,Ground Level,Throughout,,Eaves,,Non-friable,Cement products,Flat sheeting,35766/11,Positive,Greencap,Stable,Low,300.0,No,,J169642-001-Photo058,"Painted white. Maintain in current condition, label and incorporate into an AMP. Remove by licensed asbestos contractor prior to demolition or refurbishment.",False
BLD-MAIN-HOSPITAL-BUILDING-ITEM-BLD-MAIN-HOSPITAL-BUILDING-ITEM-BLD-MAIN-HOSPITAL-BUILDING-ITEM-BLD-MAIN-HOSPITAL-BUILDING-ITEM-23.0,Main Hospital Building,External,Ground Level,North Courtyard,,Expansion joint,,Non-friable,"Gasket, friction products and adhesives",Mastic,J169642-001-015,Positive,Greencap,Stable,Low,1.0,No,,J169642-001-Photo039,"Grey. Maintain in current condition, label and incorporate into an AMP. Remove by licensed asbestos contractor prior to demolition or refurbishment.",False
BLD-MAIN-HOSPITAL-BUILDING-ITEM-BLD-MAIN-HOSPITAL-BUILDING-ITEM-BLD-MAIN-HOSPITAL-BUILDING-ITEM-BLD-MAIN-HOSPITAL-BUILDING-ITEM-24.0,Main Hospital Building,External,Ground Level,North Courtyard,Throughout,Eaves,,Non-friable,Cement products,Flat sheeting,J134889-04,Positive,Greencap,Stable,Low,30.0,No,,J169642-001-Photo040,"Painted white. Maintain in current condition, label and incorporate into an AMP. Remove by licensed asbestos contractor prior to demolition or refurbishment.",False
BLD-MAIN-HOSPITAL-BUILDING-ITEM-BLD-MAIN-HOSPITAL-BUILDING-ITEM-BLD-MAIN-HOSPITAL-BUILDING-ITEM-BLD-MAIN-HOSPITAL-BUILDING-ITEM-25.0,Main Hospital Building,External,Ground Level,South Courtyard,Above entry door,Eaves,,Non-friable,Cement products,Flat sheeting,35766/21,Positive,Greencap,Stable,Low,2.0,No,,J169642-001-Photo045,"Boxing painted white. Maintain in current condition, label and incorporate into an AMP. Remove by licensed asbestos contractor prior to demolition or refurbishment.",False
BLD-MAIN-HOSPITAL-BUILDING-ITEM-BLD-MAIN-HOSPITAL-BUILDING-ITEM-BLD-MAIN-HOSPITAL-BUILDING-ITEM-BLD-MAIN-HOSPITAL-BUILDING-ITEM-26.0,Main Hospital Building,External,Ground Level,South Courtyard,Throughout,Eaves,,Non-friable,Cement products,Flat sheeting,J134889-04,Positive,Greencap,Stable,Low,35.0,No,,J169642-001-Photo044,"Painted white. Maintain in current condition, label and incorporate into an AMP. Remove by licensed asbestos contractor prior to demolition or refurbishment.",False
BLD-MAIN-HOSPITAL-BUILDING-ITEM-BLD-MAIN-HOSPITAL-BUILDING-ITEM-BLD-MAIN-HOSPITAL-BUILDING-ITEM-BLD-MAIN-HOSPITAL-BUILDING-ITEM-27.0,Main Hospital Building,Internal,Ground Level,All rooms,Various Throughout,Floor covering,,,,Vinyl sheet,35766/01,Negative,Greencap,,,,No,,,Cream beneath carpet in various areas.,False
BLD-MAIN-HOSPITAL-BUILDING-ITEM-BLD-MAIN-HOSPITAL-BUILDING-ITEM-BLD-MAIN-HOSPITAL-BUILDING-ITEM-BLD-MAIN-HOSPITAL-BUILDING-ITEM-28.0,Main Hospital Building,Internal,Ground Level,Bathroom Adjacent Labour Ward,,Bath surround panels,,,,Flat sheeting,35766/03,Negative,Greencap,,,,No,,,,False
BLD-MAIN-HOSPITAL-BUILDING-ITEM-BLD-MAIN-HOSPITAL-BUILDING-ITEM-BLD-MAIN-HOSPITAL-BUILDING-ITEM-BLD-MAIN-HOSPITAL-BUILDING-ITEM-29.0,Main Hospital Building,Internal,Ground Level,Bathroom Adjacent Labour Ward,Beneath shower tray,Shower Cubicle,,Non-friable,Cement products,Flat sheeting,Not Sampled,Assumed Positive,Greencap,Stable,Low,1.0,No,,J169642-001-Photo043,"Restricted Access. Confirm status, label, maintain in current condition and incorporate into an AMP. Remove by licensed asbestos contractor prior to demolition or refurbishment.",False
BLD-MAIN-HOSPITAL-BUILDING-ITEM-BLD-MAIN-HOSPITAL-BUILDING-ITEM-BLD-MAIN-HOSPITAL-BUILDING-ITEM-BLD-MAIN-HOSPITAL-BUILDING-ITEM-30.0,Main Hospital Building,Internal,Mezzanine Floor,Boiler Room South,,Flue,,Friable,Textiles,Rope and string,J169642-001-006,Positive,Greencap,Poor,Low,1.0,No,,J169642-001-Photo014,Engage a licensed asbestos contractor to undertake remedial/removal works on this item as soon as practicable (within 3 months).,False
BLD-MAIN-HOSPITAL-BUILDING-ITEM-BLD-MAIN-HOSPITAL-BUILDING-ITEM-BLD-MAIN-HOSPITAL-BUILDING-ITEM-BLD-MAIN-HOSPITAL-BUILDING-ITEM-31.0,Main Hospital Building,Internal,Mezzanine Floor,Boiler Room South,,Plant and equipment,,,,Gland packing,J169642-001-005,Negative,Greencap,,,,No,,,,False
BLD-MAIN-HOSPITAL-BUILDING-ITEM-BLD-MAIN-HOSPITAL-BUILDING-ITEM-BLD-MAIN-HOSPITAL-BUILDING-ITEM-BLD-MAIN-HOSPITAL-BUILDING-ITEM-32.0,Main Hospital Building,Internal,Ground Level,CCSD - Entry,,Fire door(s),,Friable,Insulation Products,Fire door core,Not Sampled,Assumed Positive,Greencap,Stable,Low,1.0,No,,J169642-001-Photo029,"Restricted Access. Confirm status, label, maintain in current condition and incorporate into an AMP. Remove by licensed asbestos contractor prior to demolition or refurbishment.",False
BLD-MAIN-HOSPITAL-BUILDING-ITEM-BLD-MAIN-HOSPITAL-BUILDING-ITEM-BLD-MAIN-HOSPITAL-BUILDING-ITEM-BLD-MAIN-HOSPITAL-BUILDING-ITEM-33.0,Main Hospital Building,Internal,Ground Level,Compressor Room - South,,Wall(s),,Non-friable,Vinyl products,Vinyl sheet,35766/09,Positive,Greencap,Fair,Low,2.0,No,,J169642-001-Photo046,Painted white. label and incorporate into an AMP. Remove by licensed asbestos contractor prior to demolition or refurbishment.,False
BLD-MAIN-HOSPITAL-BUILDING-ITEM-BLD-MAIN-HOSPITAL-BUILDING-ITEM-BLD-MAIN-HOSPITAL-BUILDING-ITEM-BLD-MAIN-HOSPITAL-BUILDING-ITEM-34.0,Main Hospital Building,Internal,Ground Level,East Passage,,Floor covering adhesive,,,,Adhesive or glue,J169642-001-010,Negative,Greencap,,,,No,,,Black floor covering previously partially removed,False
BLD-MAIN-HOSPITAL-BUILDING-ITEM-BLD-MAIN-HOSPITAL-BUILDING-ITEM-BLD-MAIN-HOSPITAL-BUILDING-ITEM-BLD-MAIN-HOSPITAL-BUILDING-ITEM-35.0,Main Hospital Building,Internal,Ground Level,East Passage - Linnen Store,,Floor covering,,,,Vinyl tiles,J169642-001-011,Negative,Greencap,,,,No,,,Brown loose piece,False
BLD-MAIN-HOSPITAL-BUILDING-ITEM-BLD-MAIN-HOSPITAL-BUILDING-ITEM-BLD-MAIN-HOSPITAL-BUILDING-ITEM-BLD-MAIN-HOSPITAL-BUILDING-ITEM-36.0,Main Hospital Building,Internal,Ground Level,East Passage - Linnen Store,,Floor covering,,,,Hessian backed vinyl sheet,J169642-001-013,Negative,Greencap,,,,No,,,,False
BLD-MAIN-HOSPITAL-BUILDING-ITEM-BLD-MAIN-HOSPITAL-BUILDING-ITEM-BLD-MAIN-HOSPITAL-BUILDING-ITEM-BLD-MAIN-HOSPITAL-BUILDING-ITEM-37.0,Main Hospital Building,Internal,Ground Level,East Passage - Linnen Store,,Floor covering,,,,Vinyl tiles and adhesive,J169642-001-012,Negative,Greencap,,,,No,,,Black attached to brown loose piece,False
BLD-MAIN-HOSPITAL-BUILDING-ITEM-BLD-MAIN-HOSPITAL-BUILDING-ITEM-BLD-MAIN-HOSPITAL-BUILDING-ITEM-BLD-MAIN-HOSPITAL-BUILDING-ITEM-38.0,Main Hospital Building,Internal,Ground Level,Flamable Liquids Store,,Ceiling,,Non-friable,Cement products,Flat sheeting,Not Sampled,Assumed Positive,Greencap,Stable,Low,3.0,No,,J169642-001-Photo053,"Height Restricted. Confirm status, label, maintain in current condition and incorporate into an AMP. Remove by licensed asbestos contractor prior to demolition or refurbishment.",False
BLD-MAIN-HOSPITAL-BUILDING-ITEM-BLD-MAIN-HOSPITAL-BUILDING-ITEM-BLD-MAIN-HOSPITAL-BUILDING-ITEM-BLD-MAIN-HOSPITAL-BUILDING-ITEM-39.0,Main Hospital Building,Internal,Ground Level,Former Laundry,,Stored item(s),,,,Flat sheeting,J169642-001-017,Assumed Negative,Greencap,,,,No,,,,False
BLD-MAIN-HOSPITAL-BUILDING-ITEM-BLD-MAIN-HOSPITAL-BUILDING-ITEM-BLD-MAIN-HOSPITAL-BUILDING-ITEM-BLD-MAIN-HOSPITAL-BUILDING-ITEM-40.0,Main Hospital Building,External,Ground Level,Former Laundry - External Passage,,Electrical board,,Non-friable,Bitumen products,Compressed electrical panels,Not Sampled,Assumed Positive,Greencap,Stable,Low,1.0,No,,J169642-001-Photo052,"Live Electrical Hazard. Confirm status, label, maintain in current condition and incorporate into an AMP. Remove by licensed asbestos contractor prior to demolition or refurbishment.",False
BLD-MAIN-HOSPITAL-BUILDING-ITEM-BLD-MAIN-HOSPITAL-BUILDING-ITEM-BLD-MAIN-HOSPITAL-BUILDING-ITEM-BLD-MAIN-HOSPITAL-BUILDING-ITEM-41.0,Main Hospital Building,Internal,Ground Level,Hallway Adjacent Rear Exit - Adjacent Staff Dinning,,Ceiling,,Non-friable,Cement products,Flat sheeting,J134889-03,Positive,Greencap,Stable,Low,8.0,No,,J169642-001-Photo041,"Painted white. Maintain in current condition, label and incorporate into an AMP. Remove by licensed asbestos contractor prior to demolition or refurbishment.",False
BLD-MAIN-HOSPITAL-BUILDING-ITEM-BLD-MAIN-HOSPITAL-BUILDING-ITEM-BLD-MAIN-HOSPITAL-BUILDING-ITEM-BLD-MAIN-HOSPITAL-BUILDING-ITEM-42.0,Main Hospital Building,Internal,Ground Level,Medical Imprest Store Room,,Floor covering,,,,Vinyl sheet,J169642-001-008,Negative,Greencap,,,,No,,,,False
BLD-MAIN-HOSPITAL-BUILDING-ITEM-BLD-MAIN-HOSPITAL-BUILDING-ITEM-BLD-MAIN-HOSPITAL-BUILDING-ITEM-BLD-MAIN-HOSPITAL-BUILDING-ITEM-43.0,Main Hospital Building,Internal,Ground Level,Medical Records,Beneath carpet,Floor covering,,,,Vinyl sheet,35766/07 E57653,Negative,Greencap,,,,No,,,,False
BLD-MAIN-HOSPITAL-BUILDING-ITEM-BLD-MAIN-HOSPITAL-BUILDING-ITEM-BLD-MAIN-HOSPITAL-BUILDING-ITEM-BLD-MAIN-HOSPITAL-BUILDING-ITEM-44.0,Main Hospital Building,Internal,Ground Level,Multi Purpose Area - Adjacent CCSD,,Fire door(s),,Friable,Insulation Products,Fire door core,Not Sampled,Assumed Positive,Greencap,Stable,Low,2.0,No,,"J169642-001-Photo030, J169642-001-Photo031","Restricted Access. Confirm status, label, maintain in current condition and incorporate into an AMP. Remove by licensed asbestos contractor prior to demolition or refurbishment.",False
BLD-MAIN-HOSPITAL-BUILDING-ITEM-BLD-MAIN-HOSPITAL-BUILDING-ITEM-BLD-MAIN-HOSPITAL-BUILDING-ITEM-BLD-MAIN-HOSPITAL-BUILDING-ITEM-45.0,Main Hospital Building,Internal,Ground Level,Non Essential Switchboard Room,,Door,,,,Flat sheeting,35766/06,Negative,Greencap,,,,No,,,,False
BLD-MAIN-HOSPITAL-BUILDING-ITEM-BLD-MAIN-HOSPITAL-BUILDING-ITEM-BLD-MAIN-HOSPITAL-BUILDING-ITEM-BLD-MAIN-HOSPITAL-BUILDING-ITEM-46.0,Main Hospital Building,Internal,Ground Level,Non Essential Switchboard Room,,Floor covering,,,,Vinyl sheet,35766/01,Negative,Greencap,,,,No,,,,False
BLD-MAIN-HOSPITAL-BUILDING-ITEM-BLD-MAIN-HOSPITAL-BUILDING-ITEM-BLD-MAIN-HOSPITAL-BUILDING-ITEM-BLD-MAIN-HOSPITAL-BUILDING-ITEM-47.0,Main Hospital Building,Internal,Ground Level,Nursery,,Floor covering,,,,Vinyl sheet,J169642-001-007,Negative,Greencap,,,,No,,,Vinyl and backing,False
BLD-MAIN-HOSPITAL-BUILDING-ITEM-BLD-MAIN-HOSPITAL-BUILDING-ITEM-BLD-MAIN-HOSPITAL-BUILDING-ITEM-BLD-MAIN-HOSPITAL-BUILDING-ITEM-48.0,Main Hospital Building,Internal,Ground Level,Nurses Station,Below sink,Lining,,,,Bituminous membrane,J169642-001-009,Negative,Greencap,,,,No,,,,False
BLD-MAIN-HOSPITAL-BUILDING-ITEM-BLD-MAIN-HOSPITAL-BUILDING-ITEM-BLD-MAIN-HOSPITAL-BUILDING-ITEM-BLD-MAIN-HOSPITAL-BUILDING-ITEM-49.0,Main Hospital Building,Internal,Ground Level,Rear Exit Foyer Adjacent Medical Records,,Ceiling,,Non-friable,Cement products,Flat sheeting,J134889-02,Positive,Greencap,Stable,Low,4.0,No,,J169642-001-Photo016,"Painted white. Maintain in current condition, label and incorporate into an AMP. Remove by licensed asbestos contractor prior to demolition or refurbishment.",False
BLD-MAIN-HOSPITAL-BUILDING-ITEM-BLD-MAIN-HOSPITAL-BUILDING-ITEM-BLD-MAIN-HOSPITAL-BUILDING-ITEM-BLD-MAIN-HOSPITAL-BUILDING-ITEM-50.0,Main Hospital Building,Internal,Ground Level,Rear Exit Foyer Adjacent Medical Records,,Floor covering,,Non-friable,Vinyl products,Vinyl tiles,35766/07 & 35766/08X,Positive,Greencap,Stable,Low,8.0,No,,J169642-001-Photo017,"Grey beneath carpet. Maintain in current condition, label and incorporate into an AMP. Remove by licensed asbestos contractor prior to demolition or refurbishment.",False
BLD-MAIN-HOSPITAL-BUILDING-ITEM-BLD-MAIN-HOSPITAL-BUILDING-ITEM-BLD-MAIN-HOSPITAL-BUILDING-ITEM-BLD-MAIN-HOSPITAL-BUILDING-ITEM-51.0,Main Hospital Building,Internal,Ground Level,Rear Exit Foyer Adjacent Medical Records,,Floor covering adhesive,,Non-friable,"Gasket, friction products and adhesives",Adhesive or glue,35766/07 & 35766/08Y,Positive,Greencap,Stable,Low,8.0,No,,J169642-001-Photo018,"Beneath carpet & grey tiles black adhesive. Maintain in current condition, label and incorporate into an AMP. Remove by licensed asbestos contractor prior to demolition or refurbishment.",False
BLD-MAIN-HOSPITAL-BUILDING-ITEM-BLD-MAIN-HOSPITAL-BUILDING-ITEM-BLD-MAIN-HOSPITAL-BUILDING-ITEM-BLD-MAIN-HOSPITAL-BUILDING-ITEM-52.0,Main Hospital Building,Internal,Ground Level,Reception,,Safe,,Friable,Insulation Products,Internal insulation (suspected),Not Sampled,Assumed Positive,Greencap,Stable,Low,1.0,No,,J169642-001-Photo033,"Restricted Access. Confirm status, label, maintain in current condition and incorporate into an AMP. Remove by licensed asbestos contractor prior to demolition or refurbishment.",False
BLD-MAIN-HOSPITAL-BUILDING-ITEM-BLD-MAIN-HOSPITAL-BUILDING-ITEM-BLD-MAIN-HOSPITAL-BUILDING-ITEM-BLD-MAIN-HOSPITAL-BUILDING-ITEM-53.0,Main Hospital Building,Internal,Ground Level,South Store Room,,Ceiling,,Non-friable,Cement products,Flat sheeting,Not Sampled,Assumed Positive,Greencap,Stable,Low,10.0,No,,J169642-001-Photo048,"Painted white Height Restricted. Confirm status, label, maintain in current condition and incorporate into an AMP. Remove by licensed asbestos contractor prior to demolition or refurbishment.",False
BLD-MAIN-HOSPITAL-BUILDING-ITEM-BLD-MAIN-HOSPITAL-BUILDING-ITEM-BLD-MAIN-HOSPITAL-BUILDING-ITEM-BLD-MAIN-HOSPITAL-BUILDING-ITEM-54.0,Main Hospital Building,Internal,Ground Level,Store Offices,,Ceiling,,Non-friable,Cement products,Flat sheeting,Not Sampled,Assumed Positive,Greencap,Stable,Low,8.0,No,,J169642-001-Photo019,"Painted white Height Restricted. Confirm status, label, maintain in current condition and incorporate into an AMP. Remove by licensed asbestos contractor prior to demolition or refurbishment.",False
BLD-MAIN-HOSPITAL-BUILDING-ITEM-BLD-MAIN-HOSPITAL-BUILDING-ITEM-BLD-MAIN-HOSPITAL-BUILDING-ITEM-BLD-MAIN-HOSPITAL-BUILDING-ITEM-55.0,Main Hospital Building,Internal,Ground Level,Utility Room Adjacent Ward 10,Under sink,Shelving,,Friable,Vinyl products,Hessian backed vinyl sheet,J169642-001-014,Positive,Greencap,Stable,Low,3.0,No,,J169642-001-Photo038,"Maintain in current condition, label and incorporate into an AMP. Remove by licensed asbestos contractor prior to demolition or refurbishment.",False
BLD-MAIN-HOSPITAL-BUILDING-ITEM-BLD-MAIN-HOSPITAL-BUILDING-ITEM-BLD-MAIN-HOSPITAL-BUILDING-ITEM-BLD-MAIN-HOSPITAL-BUILDING-ITEM-56.0,Main Hospital Building,Internal,Ground Level,Ward 12,,Floor covering,,,,Vinyl sheet,J169642-001-007,Assumed Negative,Greencap,,,,No,,,Vinyl and backing,False
BLD-MAIN-HOSPITAL-BUILDING-ITEM-BLD-MAIN-HOSPITAL-BUILDING-ITEM-BLD-MAIN-HOSPITAL-BUILDING-ITEM-BLD-MAIN-HOSPITAL-BUILDING-ITEM-57.0,Main Hospital Building,Internal,Ground Level,Ward 12,Beneath shower tray,Shower Cubicle,,Non-friable,Cement products,Flat sheeting,Not Sampled,Assumed Positive,Greencap,Unknown,Low,1.0,No,,J169642-001-Photo012,"Restricted Access. Confirm status, label and incorporate into an AMP. Remove by licensed asbestos contractor prior to demolition or refurbishment.",False
BLD-MAIN-HOSPITAL-BUILDING-ITEM-BLD-MAIN-HOSPITAL-BUILDING-ITEM-BLD-MAIN-HOSPITAL-BUILDING-ITEM-BLD-MAIN-HOSPITAL-BUILDING-ITEM-58.0,Main Hospital Building,Internal,Ground Level,West Passage - Adjacent CCSD,,Fire door(s),,Friable,Insulation Products,Fire door core,Not Sampled,Assumed Positive,Greencap,Stable,Low,2.0,No,,J169642-001-Photo028,"Restricted Access. Confirm status, label, maintain in current condition and incorporate into an AMP. Remove by licensed asbestos contractor prior to demolition or refurbishment.",False
BLD-MAIN-HOSPITAL-BUILDING-ITEM-BLD-MAIN-HOSPITAL-BUILDING-ITEM-BLD-MAIN-HOSPITAL-BUILDING-ITEM-BLD-MAIN-HOSPITAL-BUILDING-ITEM-59.0,Main Hospital Building,Internal,Ground Level,Workshop,,Infill panels,,,,Flat sheeting,J169642-001-017,Negative,Greencap,,,,No,,,Painted white,False
BLD-MAIN-HOSPITAL-BUILDING-ITEM-BLD-MAIN-HOSPITAL-BUILDING-ITEM-BLD-MAIN-HOSPITAL-BUILDING-ITEM-BLD-MAIN-HOSPITAL-BUILDING-ITEM-60.0,Main Hospital Building,Internal,Ground Level,Workshop,,Stored item(s),,,,Flat sheeting,J169642-001-017,Assumed Negative,Greencap,,,,No,,,,False
BLD-MAIN-HOSPITAL-BUILDING-ITEM-BLD-MAIN-HOSPITAL-BUILDING-ITEM-BLD-MAIN-HOSPITAL-BUILDING-ITEM-BLD-MAIN-HOSPITAL-BUILDING-ITEM-61.0,Main Hospital Building,Internal,Ground Level,Workshop,Above heater,Heater,,,,Flat sheeting,J169642-001-017,Assumed Negative,Greencap,,,,No,,,Flue boxing,False
BLD-NURSES-ACCOMMODATION-ITEM-BLD-NURSES-ACCOMMODATION-ITEM-BLD-NURSES-ACCOMMODATION-ITEM-BLD-NURSES-ACCOMMODATION-ITEM-62.0,Nurses Accommodation,External,Ground Level,Porch,,Porch ceiling,,,,Flat sheeting,J134889-05,Negative,Greencap,,,,No,,,Painted white,False
BLD-NURSES-ACCOMMODATION-ITEM-BLD-NURSES-ACCOMMODATION-ITEM-BLD-NURSES-ACCOMMODATION-ITEM-BLD-NURSES-ACCOMMODATION-ITEM-63.0,Nurses Accommodation,External,Ground Level,Throughout,,Eaves,,,,Flat sheeting,J134889-05,Negative,Greencap,,,,No,,,Painted white,False
